NpcId,NpcIdentifier,NpcDescription,NpcType,NpcMapId,NpcX,NpcY,NpcTimer,NpcLook,NpcLookColor,NpcSex,NpcSide,NpcState,NpcFace,NpcFaceColor,NpcHair,NpcHairColor,NpcSkinColor,NpcIsChar,NpcIsF1Npc,NpcIsRepairNpc,NpcIsShopNpc,NpcIsBankNpc,NpcReturnDistance,NpcMoveTime,NpcCanReceiveItem,Enabled,EraFeature
1,F1Npc,f1npc,5,0,0,0,0,3,0,0,0,0,0,0,0,0,0,0,1,0,0,0,0,0,0,1,
2,TutorialNpc1,Woodland Poet,0,4714,11,9,0,87,7,0,0,0,0,0,0,0,0,0,0,0,0,0,0,0,0,1,
3,TutorialNpc2,Woodland Poet,0,4715,11,9,0,87,7,0,0,0,0,0,0,0,0,0,0,0,0,0,0,0,0,1,
4,MignokNpc,Mignok,0,4716,3,7,0,14,0,2,2,0,0,0,0,0,0,0,0,0,0,0,2,4000,0,1,
5,MessengerNpc,Redcap,0,7,8,4,0,61,6,0,2,0,0,0,0,0,0,0,0,0,0,0,0,0,0,1,
6,TominaruNpc,Tominaru,0,4716,10,7,0,40,3,0,2,0,0,0,0,0,0,0,0,0,0,0,0,0,0,1,
7,WoodlandGuardNpc,Woodland Guard,0,4717,11,17,0,146,3,0,2,0,0,0,0,0,0,0,0,0,0,0,0,0,0,1,
8,WoodlandAngelNpc,Woodland Angel,0,4718,10,6,0,49,0,0,0,0,0,0,0,0,0,0,0,0,0,0,0,0,0,1,
9,NpcSpawnHandlerNpc,npcSpawnHandler,0,4,3,3,180000,49,0,0,2,0,0,0,0,0,0,0,0,0,0,0,0,0,0,1,
10,MobSpawnNpc,Mob Spawn,2,4,0,0,0,0,0,0,0,0,0,0,0,0,0,0,0,0,0,0,0,0,0,1,
11,DartTrapNpc,Dart Trap,2,4,0,0,0,0,0,0,0,0,0,0,0,0,0,0,0,0,0,0,0,0,0,1,
12,MobSpawnHandlerNpc,mobSpawnHandler,0,4,4,3,1000,49,0,0,2,0,0,0,0,0,0,0,0,0,0,0,0,0,0,1,
13,FlashTrapNpc,Flash Trap,2,4,0,0,0,0,0,0,0,0,0,0,0,0,0,0,0,0,0,0,0,0,0,1,
14,SnareTrapNpc,Snare Trap,2,4,0,0,0,0,0,0,0,0,0,0,0,0,0,0,0,0,0,0,0,0,0,1,
15,RepeatingDartTrapNpc,Repeating Dart Trap,2,4,0,0,0,0,0,0,0,0,0,0,0,0,0,0,0,0,0,0,0,0,0,1,
16,SpearTrapNpc,Spear Trap,2,4,0,0,0,0,0,0,0,0,0,0,0,0,0,0,0,0,0,0,0,0,0,1,
17,PoisonDartTrapNpc,Poison Dart Trap,2,4,0,0,1000,0,0,0,0,0,0,0,0,0,0,0,0,0,0,0,0,0,0,1,
18,DeathTrapNpc,Death Trap,2,4,0,0,0,0,0,0,0,0,0,0,0,0,0,0,0,0,0,0,0,0,0,1,
19,SleepTrapNpc,Sleep Trap,2,4,0,0,1000,0,0,0,0,0,0,0,0,0,0,0,0,0,0,0,0,0,0,1,
20,MainTutorialNpc,IronHeart,0,36,4,6,0,8,31,0,2,0,0,0,0,0,0,0,0,0,0,0,0,0,0,1,
21,SmithNpc,Beard Smith,0,3,3,3,0,6,13,0,2,0,0,0,0,0,0,0,0,1,1,0,0,0,0,1,
22,ButcherNpc,Ogi,0,43,1,3,0,11,4,0,2,0,0,0,0,0,0,0,0,0,1,0,0,0,0,1,
23,FishNpc,Bate,0,0,25,171,0,8,7,0,2,0,0,0,0,0,0,0,0,0,0,0,0,0,0,1,
24,RingShopNpc,Baegi,0,29,3,3,0,86,0,0,2,0,0,0,0,0,0,0,0,0,1,0,0,0,0,1,
25,LibrarianNpc,Pond,0,3400,1,4,0,43,2,0,2,0,0,0,0,0,0,0,0,0,1,0,0,0,0,1,
26,NoghNpc,Nogh,0,42,3,6,0,185,14,0,2,0,0,0,0,0,0,0,0,0,1,0,0,0,0,1,
27,ChuRuaNpc,Chu Rua,0,1111,13,5,10000,174,0,0,2,0,0,0,0,0,0,0,0,0,0,0,0,0,0,1,
28,ChuRuaRabbitNpc,Rabbit,0,1112,8,13,5000,21,29,0,2,0,0,0,0,0,0,0,0,0,0,0,0,0,0,1,
29,ChuRuaRockNpc,Ancient dolmen,0,1113,11,12,0,175,0,0,0,0,0,0,0,0,0,0,0,0,0,0,0,0,0,1,
30,ChuRuaTigerNpc,Tiger,0,1116,9,7,5000,29,12,0,2,0,0,0,0,0,0,0,0,0,0,0,0,0,0,1,
31,DakHoNpc,Dak-Ho,0,4549,47,194,0,2,22,0,2,0,0,0,0,0,0,0,0,0,0,0,0,0,0,1,
32,SanhaeMayorNpc,Sanhae Mayor,0,1127,7,8,0,69,3,0,2,0,0,0,0,0,0,0,0,0,0,0,0,0,0,1,
33,HaguruNpc,Haguru,0,1321,15,32,0,38,0,0,2,0,0,0,0,0,0,0,0,0,0,0,0,0,0,1,
34,YarlofNpc,Yarlof,0,1321,16,9,0,87,7,0,2,0,0,0,0,0,0,0,0,0,0,0,0,0,0,1,druid_bouquet_quest
35,MageTrainerNpc,Haedu,0,14,5,2,0,40,3,0,2,0,0,0,0,0,0,0,0,0,0,0,0,0,0,1,
36,WarriorTrainerNpc,Tabaek,0,12,4,3,0,39,6,0,2,0,0,0,0,0,0,0,0,0,0,0,0,0,0,1,
37,RogueTrainerNpc,Maro,0,16,5,4,0,38,0,0,2,0,0,0,0,0,0,0,0,0,0,0,0,0,0,1,
38,PoetTrainerNpc,Jinsun,0,18,6,2,0,87,7,0,2,0,0,0,0,0,0,0,0,0,0,0,0,0,0,1,
39,MageTrainerNpc,Eldritch,0,367,5,2,0,40,3,0,2,0,0,0,0,0,0,0,0,0,0,0,0,0,0,1,
40,PoetTrainerNpc,Song,0,369,6,3,0,87,7,0,2,0,0,0,0,0,0,0,0,0,0,0,0,0,0,1,
41,WarriorTrainerNpc,Yabaek,0,366,6,2,0,39,6,0,2,0,0,0,0,0,0,0,0,0,0,0,0,0,0,1,
42,RogueTrainerNpc,Maso,0,368,6,2,0,38,0,0,2,0,0,0,0,0,0,0,0,0,0,0,0,0,1,1,
43,BloodNpc,Blood,0,3805,6,5,0,64,8,0,2,0,0,0,0,0,0,0,0,0,0,0,0,0,0,1,
44,NamelessHermitNpc,Nameless Hermit,0,3040,4,2,0,6,9,0,2,0,0,0,0,0,0,0,0,0,0,0,0,0,0,1,
45,RockNpc,Myung-Suck,0,3040,20,21,0,175,0,0,2,0,0,0,0,0,0,0,0,0,0,0,0,0,0,1,
46,YonNpc,Yon,0,1142,1,7,0,5,0,0,2,0,0,0,0,0,0,0,0,0,0,0,0,0,0,1,
47,MuseumGreeterNpc,Museum Greeter,0,4702,3,31,0,87,7,0,2,0,0,0,0,0,0,0,0,0,0,0,0,0,0,1,
48,MuseumCaretakerNpc,Caretaker,0,4709,6,6,0,87,7,0,2,0,0,0,0,0,0,0,0,0,0,0,0,0,0,1,
49,MainTutorialNpc,Jadespear,0,351,5,6,0,8,31,0,2,0,0,0,0,0,0,0,0,0,0,0,0,0,0,1,
50,PotionShopNpc,Baegil,0,28,2,4,900000,86,0,0,2,0,0,0,0,0,0,0,0,0,1,0,0,0,0,1,
51,PotionShopNpc,Bagai,0,363,2,3,900000,86,0,0,0,0,0,0,0,0,0,0,0,0,1,0,0,0,0,1,
52,InnNpc,Walsuk,0,2,18,4,0,14,4,0,2,0,0,0,0,0,0,0,0,0,1,1,0,0,0,1,
53,InnNpc,Bamboo,0,37,14,3,0,14,4,0,2,0,0,0,0,0,0,0,0,0,1,1,0,0,0,1,
54,InnNpc2,Ox,0,37,14,8,0,12,0,0,2,0,0,0,0,0,0,0,0,0,0,0,0,0,0,1,
55,InnNpc,Pepper,0,361,18,5,0,14,4,0,2,0,0,0,0,0,0,0,0,0,1,1,0,0,0,1,
56,InnNpc2,Taur,0,361,18,9,0,12,0,0,2,0,0,0,0,0,0,0,0,0,0,0,0,0,0,1,
57,InnNpc2,Ox,0,2,18,9,0,12,0,0,2,0,0,0,0,0,0,0,0,0,0,0,0,0,0,1,
58,InnNpc,Spring,0,332,14,5,0,14,4,0,2,0,0,0,0,0,0,0,0,0,1,1,0,0,0,1,
59,InnNpc2,Taur,0,332,14,9,0,12,0,0,2,0,0,0,0,0,0,0,0,0,0,0,0,0,0,1,
60,InnNpc,Yunsil,0,362,16,4,0,14,4,0,2,0,0,0,0,0,0,0,0,0,1,1,0,0,0,1,
61,InnNpc2,Taur,0,362,15,8,0,12,0,0,2,0,0,0,0,0,0,0,0,0,0,0,0,0,0,1,
62,InnNpc,Ginger,0,38,18,3,0,14,4,0,2,0,0,0,0,0,0,0,0,0,1,1,0,0,0,1,
63,InnNpc2,Ox,0,38,18,9,0,12,0,0,2,0,0,0,0,0,0,0,0,0,0,0,0,0,0,1,
64,ShamanNpc,Storm,0,339,4,4,0,9,23,0,2,0,0,0,0,0,0,0,0,0,0,0,0,0,0,1,
65,ShamanNpc,Felis,0,338,4,4,0,9,23,0,2,0,0,0,0,0,0,0,0,0,0,0,0,0,0,1,
66,ShamanNpc,Dusk,0,8,5,4,0,9,23,0,2,0,0,0,0,0,0,0,0,0,0,0,0,0,0,1,
67,ShamanNpc,Dawn,0,9,5,4,0,9,23,0,2,0,0,0,0,0,0,0,0,0,0,0,0,0,0,1,
68,SmithNpc,Dok,0,333,3,4,0,6,13,0,2,0,0,0,0,0,0,0,0,1,1,0,0,0,0,1,
69,RingShopNpc,Pitch,0,364,2,4,0,86,0,0,2,0,0,0,0,0,0,0,0,0,1,0,0,0,0,1,
70,SeamstressNpc,Cuti,0,5,2,4,0,5,36,0,2,0,0,0,0,0,0,0,0,0,1,0,0,0,0,1,
71,SeamstressNpc,Blossom,0,335,3,3,0,5,36,0,2,0,0,0,0,0,0,0,0,0,1,0,0,0,0,1,
72,TailorNpc,Chi,0,336,6,4,0,10,18,0,2,0,0,0,0,0,0,0,0,0,1,0,0,0,0,1,
73,TailorNpc,Cry,0,6,3,4,0,10,18,0,2,0,0,0,0,0,0,0,0,0,1,0,0,0,0,1,
74,MiscGameShopNpc,Stoney,0,20,3,5,0,86,0,0,2,0,0,0,0,0,0,0,0,0,1,0,0,0,0,1,
75,ChapelNpc,Lotus,0,10,9,7,0,3,0,0,2,0,0,0,0,0,0,0,0,0,1,0,0,0,0,1,
76,ButcherNpc,Ogi,0,334,4,4,0,11,4,0,2,0,0,0,0,0,0,0,0,0,1,0,0,0,0,1,
77,DogLinguistNpc,Mutt,0,0,61,146,0,93,12,0,2,0,0,0,0,0,0,0,0,0,0,0,2,4000,0,1,
78,DogLinguistNpc,Jindo dog,0,330,132,139,0,18,12,0,2,0,0,0,0,0,0,0,0,0,0,0,2,4000,0,1,
79,DogLinguistNpc,Hunting dog,0,0,19,170,0,95,12,0,2,0,0,0,0,0,0,0,0,0,0,0,2,4000,0,1,
80,DogLinguistNpc,Spotted dog,0,330,19,8,0,93,12,0,2,0,0,0,0,0,0,0,0,0,0,0,2,4000,0,1,
81,RogueGuildShamanNpc,Onyx,0,343,15,13,0,9,23,0,2,0,0,0,0,0,0,0,0,0,0,0,0,0,0,1,
82,RogueGuildShamanNpc,Pearl,0,15,2,14,0,9,23,0,2,0,0,0,0,0,0,0,0,0,0,0,0,0,0,1,
83,ExpSeller,Shady,0,345,4,5,0,47,14,0,2,0,0,0,0,0,0,0,0,0,0,0,0,0,0,1,
84,AncientLeviathanNpc,Ancient leviathan,0,2538,29,9,0,158,23,0,2,0,0,0,0,0,0,0,0,0,0,0,4,4000,0,1,
85,BorderPatrolNpc,Border patrol,0,2500,143,87,0,224,28,0,3,0,0,0,0,0,0,0,0,0,0,0,0,0,1,1,
86,FoxSpiritNpc,Fox spirit,0,4,0,0,0,34,18,0,0,0,0,0,0,0,0,0,0,0,0,0,0,0,0,1,
87,HermitNpc,Hermit,0,2540,8,6,0,6,3,0,2,0,0,0,0,0,0,0,0,0,0,0,1,4000,0,1,
88,MessengerNpc,Paryu,0,337,8,3,0,61,6,0,0,0,0,0,0,0,0,0,0,0,1,0,0,0,0,1,
89,ExpSeller,Sunset,0,19,4,4,0,47,14,0,2,0,0,0,0,0,0,0,0,0,0,0,0,0,0,1,
90,ExpSeller,Midnight,0,2970,4,10,0,47,14,0,2,0,0,0,0,0,0,0,0,0,0,0,0,0,0,1,
91,WarriorTrainerNpc,Sword,0,3820,5,5,0,39,6,0,2,0,0,0,0,0,0,0,0,0,0,0,0,0,0,1,
92,WarpTrapTigerPeltNpc,warp trap pelt,2,4,0,0,0,0,0,0,0,0,0,0,0,0,0,0,0,0,0,0,0,0,0,1,
93,ChapelNpc,Peach,0,340,9,7,0,3,0,0,2,0,0,0,0,0,0,0,0,0,1,0,0,0,0,1,
94,TotemNpc,Ju jak priest,0,4,10,5,0,9,23,0,2,0,0,0,0,0,0,0,0,0,0,0,0,0,0,1,
95,TotemNpc,Chung ryong priest,0,4,16,5,0,9,23,0,2,0,0,0,0,0,0,0,0,0,0,0,0,0,0,1,
96,TotemNpc,Hyun moo priest,0,4,16,6,0,9,23,0,2,0,0,0,0,0,0,0,0,0,0,0,0,0,0,1,
97,TotemNpc,Baekho priest,0,4,11,6,0,9,23,0,2,0,0,0,0,0,0,0,0,0,0,0,0,0,0,1,
98,TigerWarpNpc,tigerWarp,0,4,5,3,900000,49,0,0,2,0,0,0,0,0,0,0,0,0,0,0,0,0,0,1,
99,TigerSpawnNpc,tigerSpawn,0,4,6,3,300000,49,0,0,2,0,0,0,0,0,0,0,0,0,0,0,0,0,0,1,
100,ZephyrNpc,Zephyr,0,1455,8,4,0,87,7,0,2,0,0,0,0,0,0,0,0,0,0,0,0,0,0,1,
101,LibrarianNpc,Lake,0,486,17,5,0,43,2,0,2,0,0,0,0,0,0,0,0,0,0,0,0,0,0,1,
102,SonhiGuardNpc,Sonhi guard,0,6592,9,11,0,155,21,0,2,0,0,0,0,0,0,0,0,0,0,0,0,0,0,1,
103,GlothNpc,Gloth,0,6599,15,13,0,161,28,0,2,0,0,0,0,0,0,0,0,0,0,0,0,0,0,1,
104,LostLegendChestNpc,Chest,0,6599,7,38,0,154,9,0,2,0,0,0,0,0,0,0,0,0,0,0,0,0,0,1,
105,SyaNpc,Sya,0,3801,4,4,0,76,4,0,2,0,0,0,0,0,0,0,0,0,1,0,0,0,0,1,
106,GanNpc,Gan,0,3803,5,4,0,66,4,0,2,0,0,0,0,0,0,0,0,0,0,0,0,0,0,1,
107,MinNpc,Min,0,1029,3,5,0,11,4,0,2,0,0,0,0,0,0,0,0,0,0,0,0,0,0,1,
108,SmithNpc,Chul,0,2518,3,5,0,6,9,0,2,0,0,0,0,0,0,0,0,1,1,0,0,0,0,1,
109,WarpTrapShiverNpc,warp trap shiver,2,4,0,0,0,0,0,0,0,0,0,0,0,0,0,0,0,0,0,0,0,0,0,1,
110,WarpTrapDarkPenNpc,warp trap dark pen,2,4,0,0,0,0,0,0,0,0,0,0,0,0,0,0,0,0,0,0,0,0,0,1,
111,WarpTrapDarkStripesNpc,warp_trap_dark_stripes,2,4,0,0,0,0,0,0,0,0,0,0,0,0,0,0,0,0,0,0,0,0,0,1,
112,WarpTrapDeclawedNpc,warp_trap_declawed,2,4,0,0,0,0,0,0,0,0,0,0,0,0,0,0,0,0,0,0,0,0,0,1,
113,WarpTrapJungleProwlNpc,warp_trap_jungle_prowl,2,4,0,0,0,0,0,0,0,0,0,0,0,0,0,0,0,0,0,0,0,0,0,1,
114,WarpTrapPounceNpc,warp_trap_pounce,2,4,0,0,0,0,0,0,0,0,0,0,0,0,0,0,0,0,0,0,0,0,0,1,
115,WarpTrapUndergrowthNpc,warp_trap_undergrowth,2,4,0,0,0,0,0,0,0,0,0,0,0,0,0,0,0,0,0,0,0,0,0,1,
116,WarpTrapTigerStretchNpc,warp_trap_tiger_stretch,2,4,0,0,0,0,0,0,0,0,0,0,0,0,0,0,0,0,0,0,0,0,0,1,
117,WarpTrapRestlessCageNpc,warp_trap_restless_cage,2,4,0,0,0,0,0,0,0,0,0,0,0,0,0,0,0,0,0,0,0,0,0,1,
118,TigerTrapNpc,tiger_trap,2,4,0,0,0,0,0,0,0,0,0,0,0,0,0,0,0,0,0,0,0,0,0,1,
119,BaekNpc,Baek,0,30,3,4,0,10,0,0,2,0,0,0,0,0,0,0,0,0,1,0,0,0,0,1,
120,MythicAllianceNpc,Mythic Rabbit,0,3020,8,4,0,131,0,0,2,0,0,0,0,0,0,0,0,0,0,0,0,0,0,1,
121,MythicAllianceNpc,Mythic Monkey,0,3021,8,3,0,136,0,0,2,0,0,0,0,0,0,0,0,0,0,0,0,0,0,1,
122,MythicAllianceNpc,Mythic Dog,0,3022,9,3,0,138,0,0,2,0,0,0,0,0,0,0,0,0,0,0,0,0,0,1,
123,MythicAllianceNpc,Mythic Rooster,0,3023,8,3,0,137,0,0,2,0,0,0,0,0,0,0,0,0,0,0,0,0,0,1,
124,MythicAllianceNpc,Mythic Horse,0,3024,8,3,0,134,0,0,2,0,0,0,0,0,0,0,0,0,0,0,0,0,0,1,
125,MythicAllianceNpc,Mythic Rat,0,3025,8,3,0,128,0,0,2,0,0,0,0,0,0,0,0,0,0,0,0,0,0,1,
126,MythicAllianceNpc,Mythic Ox,0,3026,8,3,0,129,0,0,2,0,0,0,0,0,0,0,0,0,0,0,0,0,0,1,
127,MythicAllianceNpc,Mythic Pig,0,3027,8,3,0,139,0,0,2,0,0,0,0,0,0,0,0,0,0,0,0,0,0,1,
128,MythicAllianceNpc,Mythic Snake,0,3028,8,3,0,133,0,0,2,0,0,0,0,0,0,0,0,0,0,0,0,0,0,1,
129,MythicAllianceNpc,Mythic Sheep,0,3029,8,3,0,135,0,0,2,0,0,0,0,0,0,0,0,0,0,0,0,0,0,1,
130,MythicAllianceNpc,Mythic Tiger,0,3030,8,3,0,130,0,0,2,0,0,0,0,0,0,0,0,0,0,0,0,0,0,1,
131,MythicAllianceNpc,Mythic Dragon,0,3031,8,3,0,132,0,0,2,0,0,0,0,0,0,0,0,0,0,0,0,0,0,1,
132,SmithNpc,Runag,0,1030,4,3,0,6,13,0,2,0,0,0,0,0,0,0,0,1,1,0,0,0,0,1,
133,MageTrainerNpc,Wand,0,3828,2,7,0,40,3,0,2,0,0,0,0,0,0,0,0,0,0,0,0,0,0,1,
134,MageStoneProphetsNpc,Yin,0,2571,3,6,0,6,29,2,0,0,0,0,0,0,0,0,0,0,0,0,0,0,0,1,
135,MageStoneProphetsNpc,Yang,0,2572,3,6,0,6,10,2,0,0,0,0,0,0,0,0,0,0,0,0,0,0,0,1,
136,MageStoneProphetsNpc,Void,0,2573,3,6,0,6,28,2,0,0,0,0,0,0,0,0,0,0,0,0,0,0,0,1,
137,PoetTrainerNpc,Staff,0,2516,8,3,0,87,7,0,2,0,0,0,0,0,0,0,0,0,0,0,0,0,0,1,
138,RogueTrainerNpc,Dagger,0,3824,3,4,0,100,0,0,2,0,0,0,0,0,0,0,0,0,0,0,0,0,0,1,
139,BlackbirdNpc,Blackbird,0,1004,72,4,0,92,0,0,2,0,0,0,0,0,0,0,0,0,0,0,10,2000,0,1,
140,ValleyFarmGhostNpc,Majhum,0,5930,38,50,0,257,0,0,2,0,0,0,0,0,0,0,0,0,0,0,10,2000,0,1,
141,BenitnathNpc,Benitnath,0,5928,7,5,0,86,0,0,2,0,0,0,0,0,0,0,0,0,0,0,0,0,0,1,
142,SmithNpc,Gruff,0,1125,4,4,0,6,13,0,2,0,0,0,0,0,0,0,0,1,1,0,0,0,0,1,
143,FishNpc,Wim,0,330,109,88,0,8,7,0,2,0,0,0,0,0,0,0,0,0,0,0,0,0,0,1,
144,DobosNpc,Dobos,0,5955,9,6,0,39,6,0,2,0,0,0,0,0,0,0,0,0,0,0,0,0,0,1,
145,ShyunNpc,Shyun,0,5948,20,5,0,40,3,0,2,0,0,0,0,0,0,0,0,0,0,0,0,0,0,1,
146,JiongNpc,Jiong,0,5951,9,8,0,87,7,0,2,0,0,0,0,0,0,0,0,0,0,0,0,0,0,1,
147,ParkNpc,Park,0,5952,9,6,0,38,0,0,2,0,0,0,0,0,0,0,0,0,0,0,0,0,0,1,
148,ClawNpc,Claw,0,3041,5,4,0,29,12,0,2,0,0,0,0,0,0,0,0,0,0,0,0,0,0,1,
149,PoemNpc,Poem,0,4019,8,5,0,10,0,0,2,0,0,0,0,0,0,0,0,0,0,0,0,0,0,1,
150,SageNpc,Sage,0,1230,6,5,0,87,7,0,2,0,0,0,0,0,0,0,0,0,0,0,0,0,0,1,
151,IronLabMerchantNpc,Iron Merchant,0,1307,4,5,0,6,13,0,2,0,0,0,0,0,0,0,0,0,0,0,7,18000,0,1,
152,SmithNpc,Othotsk,0,3813,8,5,0,6,13,0,2,0,0,0,0,0,0,0,0,1,1,0,0,0,0,1,
153,WarriorTrainerNpc,Kwi-SIn Tabaek,0,300,4,3,0,39,6,0,2,0,0,0,0,0,0,0,0,0,0,0,0,0,0,1,
154,WarriorTrainerNpc,MIng-Ken Tabaek,0,301,4,3,0,39,6,0,2,0,0,0,0,0,0,0,0,0,0,0,0,0,0,1,
155,WarriorTrainerNpc,Ohaeng Tabaek,0,302,4,3,0,39,6,0,2,0,0,0,0,0,0,0,0,0,0,0,0,0,0,1,
156,WarriorTrainerNpc,Kwi-Sin Yabaek,0,303,6,2,0,39,6,0,2,0,0,0,0,0,0,0,0,0,0,0,0,0,0,1,
157,WarriorTrainerNpc,Ming-Ken Yabaek,0,304,6,2,0,39,6,0,2,0,0,0,0,0,0,0,0,0,0,0,0,0,0,1,
158,WarriorTrainerNpc,Ohaeng Yabaek,0,305,6,2,0,39,6,0,2,0,0,0,0,0,0,0,0,0,0,0,0,0,0,1,
159,RogueTrainerNpc,Kwi-Sin Maro,0,312,5,4,0,38,0,0,2,0,0,0,0,0,0,0,0,0,0,0,0,0,0,1,
160,RogueTrainerNpc,Ming-Ken Maro,0,313,5,4,0,38,0,0,2,0,0,0,0,0,0,0,0,0,0,0,0,0,0,1,
161,RogueTrainerNpc,Ohaeng Maro,0,314,5,4,0,38,0,0,2,0,0,0,0,0,0,0,0,0,0,0,0,0,0,1,
162,RogueTrainerNpc,Kwi-Sin Maso,0,315,6,2,0,38,0,0,2,0,0,0,0,0,0,0,0,0,0,0,0,0,1,1,
163,RogueTrainerNpc,Ming-Ken Maso,0,316,6,2,0,38,0,0,2,0,0,0,0,0,0,0,0,0,0,0,0,0,1,1,
164,RogueTrainerNpc,Ohaeng Maso,0,317,6,2,0,38,0,0,2,0,0,0,0,0,0,0,0,0,0,0,0,0,1,1,
165,MageTrainerNpc,Kwi-Sin Haedu,0,306,5,2,0,40,3,0,2,0,0,0,0,0,0,0,0,0,0,0,0,0,0,1,
166,MageTrainerNpc,Ming-Ken Haedu,0,307,5,2,0,40,3,0,2,0,0,0,0,0,0,0,0,0,0,0,0,0,0,1,
167,MageTrainerNpc,Ohaeng Haedu,0,308,5,2,0,40,3,0,2,0,0,0,0,0,0,0,0,0,0,0,0,0,0,1,
168,MageTrainerNpc,Kwi-Sin Eldritch,0,309,5,2,0,40,3,0,2,0,0,0,0,0,0,0,0,0,0,0,0,0,0,1,
169,MageTrainerNpc,MIng-Ken Eldritch,0,310,5,2,0,40,3,0,2,0,0,0,0,0,0,0,0,0,0,0,0,0,0,1,
170,MageTrainerNpc,Ohaeng Eldritch,0,311,5,2,0,40,3,0,2,0,0,0,0,0,0,0,0,0,0,0,0,0,0,1,
171,PoetTrainerNpc,Kwi-Sin Jinsun,0,318,6,2,0,87,7,0,2,0,0,0,0,0,0,0,0,0,0,0,0,0,0,1,
172,PoetTrainerNpc,Ming-Ken Jinsun,0,319,6,2,0,87,7,0,2,0,0,0,0,0,0,0,0,0,0,0,0,0,0,1,
173,PoetTrainerNpc,Ohaeng Jinsun,0,320,6,2,0,87,7,0,2,0,0,0,0,0,0,0,0,0,0,0,0,0,0,1,
174,PoetTrainerNpc,Kwi-Sin Song,0,321,6,3,0,87,7,0,2,0,0,0,0,0,0,0,0,0,0,0,0,0,0,1,
175,PoetTrainerNpc,Ming-Ken Song,0,322,6,3,0,87,7,0,2,0,0,0,0,0,0,0,0,0,0,0,0,0,0,1,
176,PoetTrainerNpc,Ohaeng Song,0,323,6,3,0,87,7,0,2,0,0,0,0,0,0,0,0,0,0,0,0,0,0,1,
177,BonHwaNpc,Bon-Hwa,0,1229,8,7,0,47,14,0,2,0,0,0,0,0,0,0,0,0,0,0,0,0,0,1,
178,RabbitSpawnNpc,rabbitSpawn,0,4,7,3,450000,49,0,0,2,0,0,0,0,0,0,0,0,0,0,0,0,0,0,1,
179,MiningSpawnHandlerNpc,miningSpawnHandler,0,4,8,3,150,49,0,0,2,0,0,0,0,0,0,0,0,0,0,0,0,0,0,1,
180,WoodcuttingSpawnHandlerNpc,woodcuttingSpawnHandler,0,4,9,3,150,49,0,0,2,0,0,0,0,0,0,0,0,0,0,0,0,0,0,1,
181,UnlockedSpiritNpc,Unlocked spirit,0,219,13,6,0,47,8,0,2,0,0,0,0,0,0,0,0,0,0,0,0,0,1,1,
182,ArenaMasterNpc,Tower,0,31,9,7,0,8,5,0,2,0,0,0,0,0,0,0,0,0,0,0,0,0,0,1,
183,EventManagerNpc,League,0,3013,6,4,0,38,0,0,2,0,0,0,0,0,0,0,0,0,0,0,0,0,0,1,
184,ButcherNpc,Lien,0,3804,2,3,0,11,4,0,2,0,0,0,0,0,0,0,0,0,1,0,0,0,0,1,
185,AuctioneerNpc,Frank,0,4,5,7,0,38,0,0,2,0,0,0,0,0,0,0,0,0,0,0,0,0,0,1,
186,MessengerNpc,Messenger test,0,4,6,7,0,0,0,0,2,0,0,0,0,0,0,0,0,0,0,0,0,0,0,1,
187,SummitNpc,Summit,0,229,22,7,0,130,4,0,2,0,0,0,0,0,0,0,0,0,0,0,0,1000,0,1,
188,AlignmentNpc,Kwi-Sin,0,324,6,12,0,222,0,0,2,0,0,0,0,0,0,0,0,0,0,0,4,4000,0,1,
189,AlignmentNpc,Ming-Ken,0,325,6,12,0,223,0,0,2,0,0,0,0,0,0,0,0,0,0,0,4,4000,0,1,
190,AlignmentNpc,Ohaeng,0,326,6,12,0,188,0,0,2,0,0,0,0,0,0,0,0,0,0,0,4,4000,0,1,
191,NpcSubpathGeomancerEarthsDragonNpc,Earths Dragon,0,3622,14,15,0,186,0,0,2,0,0,0,0,0,0,0,0,0,0,0,0,4000,0,1,
192,NpcSubpathGeomancerLoShuNpc,Lo Shu,0,3656,12,3,0,174,4,0,2,0,0,0,0,0,0,0,0,0,0,0,0,4000,0,1,
193,NpcSubpathGeomancerEarthsTreasureNpc,Earths Treasure,0,3623,2,5,0,49,5,0,0,0,0,0,0,0,0,0,0,0,0,0,0,4000,0,1,
194,NpcSubpathGeomancerGengVinNpc,Geng Vin,0,3624,2,8,10000,29,9,0,2,0,0,0,0,0,0,0,0,0,0,0,0,0,0,1,
195,RotahNpc,Rotah,0,1002,208,138,0,38,0,0,2,0,0,0,0,0,0,0,0,1,1,1,0,0,0,1,
196,SmithNpc,Thane,0,1144,6,5,0,38,0,0,2,0,0,0,0,0,0,0,0,1,1,0,0,0,0,1,
197,SeamstressNpc,Lin,0,1123,7,3,0,5,36,0,2,0,0,0,0,0,0,0,0,0,1,0,0,0,0,1,
198,SelNpc,Sel,0,1143,2,5,0,10,2,0,2,0,0,0,0,0,0,0,0,0,1,0,0,0,0,1,
199,SplinterNpc,Splinter,0,1141,10,5,0,12,1,0,2,0,0,0,0,0,0,0,0,0,1,0,0,0,0,1,
200,IronLabTreasureChestNpc,Treasure Chest,0,1307,4,2,150000,154,3,0,2,0,0,0,0,0,0,0,0,0,0,0,0,0,0,1,
201,IronLabTreasureChestNpc,Treasure Chest,0,1307,7,2,150000,154,3,0,2,0,0,0,0,0,0,0,0,0,0,0,0,0,0,1,
202,IronLabTreasureChestNpc,Treasure Chest,0,1307,2,4,150000,154,3,0,2,0,0,0,0,0,0,0,0,0,0,0,0,0,0,1,
203,IronLabTreasureChestNpc,Treasure Chest,0,1307,9,4,150000,154,3,0,2,0,0,0,0,0,0,0,0,0,0,0,0,0,0,1,
204,IronLabTreasureChestNpc,Treasure Chest,0,1307,2,7,150000,154,3,0,2,0,0,0,0,0,0,0,0,0,0,0,0,0,0,1,
205,IronLabTreasureChestNpc,Treasure Chest,0,1307,9,7,150000,154,3,0,2,0,0,0,0,0,0,0,0,0,0,0,0,0,0,1,
206,IronLabTreasureChestNpc,Treasure Chest,0,1307,4,9,150000,154,3,0,2,0,0,0,0,0,0,0,0,0,0,0,0,0,0,1,
207,IronLabTreasureChestNpc,Treasure Chest,0,1307,7,9,150000,154,3,0,2,0,0,0,0,0,0,0,0,0,0,0,0,0,0,1,
208,MontyPvpPrizesNpc,Monty,0,3001,6,13,0,38,1,0,2,0,0,0,0,0,0,0,0,0,0,0,0,0,0,1,
209,OldManNpc,Old man,0,1226,5,5,0,87,13,0,2,0,0,0,0,0,0,0,0,0,0,0,0,0,0,1,
210,OldDogNpc,Old dog,0,1226,5,6,0,95,12,0,2,0,0,0,0,0,0,0,0,0,0,0,0,2000,0,1,
211,ArenaShopNpc,Pyung,0,359,3,4,0,86,0,0,2,0,0,0,0,0,0,0,0,0,1,0,0,0,0,1,
213,ArenaShopNpc,Buchi,0,34,2,4,0,86,0,0,2,0,0,0,0,0,0,0,0,0,1,0,0,0,0,1,
214,TownCrierNpc,Yeoni,0,0,104,95,0,69,9,0,2,0,0,0,0,0,0,0,0,0,0,0,0,0,0,1,
215,TownCrierNpc,Honi,0,330,70,56,0,69,9,0,2,0,0,0,0,0,0,0,0,0,0,0,0,0,0,1,
216,SsalNpc,Ssal,0,39,8,8,0,149,4,0,2,0,0,0,0,0,0,0,0,0,1,0,0,2000,0,1,
217,NewYearsNpc,Annual Avatar,0,4,34,7,250,139,20,0,2,0,0,0,0,0,0,0,0,0,0,0,0,0,0,1,
218,NewYearsNpc,Avatar Assistant,0,4,34,8,0,139,20,0,2,0,0,0,0,0,0,0,0,0,0,0,0,0,0,1,
219,MessengerNpc,Sying,0,3802,5,5,0,61,6,0,2,0,0,0,0,0,0,0,0,0,1,0,0,0,0,1,
220,ButcherNpc,Hanso,0,2506,3,3,0,11,4,0,2,0,0,0,0,0,0,0,0,0,1,0,0,0,0,1,
221,ArenaShopNpc,Negan,0,2594,3,4,0,86,0,0,2,0,0,0,0,0,0,0,0,0,1,0,0,0,0,1,
222,InnNpc,San-Tae,0,2501,8,5,0,14,4,0,2,0,0,0,0,0,0,0,0,0,1,1,0,0,0,1,
223,InnNpc,San-Ten,0,2505,8,5,0,14,4,0,2,0,0,0,0,0,0,0,0,0,1,1,0,0,0,1,
224,InnNpc,San-Tu,0,2502,8,5,0,14,4,0,2,0,0,0,0,0,0,0,0,0,1,1,0,0,0,1,
225,InnNpc,San-Tei,0,2503,7,3,0,14,4,0,2,0,0,0,0,0,0,0,0,0,1,1,0,0,0,1,
226,InnNpc,San-To,0,2504,8,5,0,14,4,0,2,0,0,0,0,0,0,0,0,0,1,1,0,0,0,1,
227,TailorNpc,Tilsa,0,2508,3,3,0,10,18,0,2,0,0,0,0,0,0,0,0,0,1,0,0,0,0,1,
228,SeamstressNpc,Timpe,0,2507,4,5,0,5,36,0,2,0,0,0,0,0,0,0,0,0,1,0,0,0,0,1,
229,MessengerNpc,Tinbae,0,2519,8,4,0,61,6,0,0,0,0,0,0,0,0,0,0,0,1,0,0,0,0,1,
230,ChapelNpc,Fen,0,2511,8,5,0,3,0,0,2,0,0,0,0,0,0,0,0,0,1,0,0,0,0,1,
231,ArenaMasterNpc,Mountain,0,356,8,9,0,8,5,0,2,0,0,0,0,0,0,0,0,0,0,0,0,0,0,1,
232,DuelNpc,Duel,0,29200,10,3,1000,1331,0,0,2,0,0,0,0,0,0,0,0,0,0,0,0,0,0,1,
233,RingShopNpc,Lan,0,1124,3,3,0,86,0,0,2,0,0,0,0,0,0,0,0,0,0,0,0,0,0,1,
234,InnNpc,Haeng,0,1013,8,5,0,12,0,0,2,0,0,0,0,0,0,0,0,0,1,1,0,0,0,1,
235,InnNpc,Spruce,0,1122,16,4,0,14,4,0,2,0,0,0,0,0,0,0,0,0,1,1,0,0,0,1,
238,InnNpc,Kafas,0,1025,9,4,0,8,1,0,2,0,0,0,0,0,0,0,0,0,1,1,0,0,0,1,
239,ShamanNpc,Di jin,0,1026,3,4,0,9,23,0,2,0,0,0,0,0,0,0,0,0,0,0,0,0,0,1,
240,LonwikNpc,Lonwik,0,1021,2,3,0,5,4,0,2,0,0,0,0,0,0,0,0,0,1,0,0,0,0,1,
241,InnNpc,Haggard,0,1027,21,4,0,147,1,0,2,0,0,0,0,0,0,0,0,0,1,1,0,0,0,1,
242,KanNpc,Kan,0,331,4,4,0,5,0,0,2,0,0,0,0,0,0,0,0,0,0,0,0,0,0,1,
243,PathArenaTutorNpc,Tutor,0,3701,11,3,0,8,3,0,2,0,0,0,0,0,0,0,0,0,1,0,0,0,0,1,
244,PathArenaTutorNpc,Tutor,0,3702,11,3,0,8,3,0,2,0,0,0,0,0,0,0,0,0,1,0,0,0,0,1,
245,PathArenaTutorNpc,Tutor,0,3703,11,3,0,8,3,0,2,0,0,0,0,0,0,0,0,0,1,0,0,0,0,1,
246,PathArenaTutorNpc,Tutor,0,3704,11,3,0,8,3,0,2,0,0,0,0,0,0,0,0,0,1,0,0,0,0,1,
247,PathArenaTutorNpc,Tutor,0,3705,11,3,0,8,3,0,2,0,0,0,0,0,0,0,0,0,1,0,0,0,0,1,
248,PathArenaTutorNpc,Tutor,0,3706,11,3,0,8,3,0,2,0,0,0,0,0,0,0,0,0,1,0,0,0,0,1,
249,PathArenaTutorNpc,Tutor,0,3707,11,3,0,8,3,0,2,0,0,0,0,0,0,0,0,0,1,0,0,0,0,1,
250,PathArenaTutorNpc,Tutor,0,3708,11,3,0,8,3,0,2,0,0,0,0,0,0,0,0,0,1,0,0,0,0,1,
251,PathArenaTutorNpc,Tutor,0,2980,6,1,0,8,3,0,2,0,0,0,0,0,0,0,0,0,1,0,0,0,0,1,
252,PathArenaTutorNpc,Tutor,0,2981,6,1,0,8,3,0,2,0,0,0,0,0,0,0,0,0,1,0,0,0,0,1,
253,PathArenaTutorNpc,Tutor,0,2982,6,1,0,8,3,0,2,0,0,0,0,0,0,0,0,0,1,0,0,0,0,1,
254,PathArenaTutorNpc,Tutor,0,2983,6,1,0,8,3,0,2,0,0,0,0,0,0,0,0,0,1,0,0,0,0,1,
255,CarnageHallShopNpc,Carrion One,0,3010,4,19,0,8,3,0,2,0,0,0,0,0,0,0,0,0,0,0,0,0,0,1,
256,CarnageHallShopNpc,Carrion Two,0,3010,12,19,0,8,3,0,2,0,0,0,0,0,0,0,0,0,0,0,0,0,0,1,
257,CarnageHallShopNpc,Carrion Three,0,3010,20,19,0,8,3,0,2,0,0,0,0,0,0,0,0,0,0,0,0,0,0,1,
258,CarnageHallShopNpc,Carrion Four,0,3010,28,19,0,8,3,0,2,0,0,0,0,0,0,0,0,0,0,0,0,0,0,1,
259,CarnageGameNpc,Rezzie,0,33,3,5,0,8,3,0,2,0,0,0,0,0,0,0,0,0,1,0,0,0,0,1,
260,CarnageGameNpc,Rezzi,0,33,46,5,0,8,3,0,2,0,0,0,0,0,0,0,0,0,1,0,0,0,0,1,
261,CarnageGameNpc,Rezz,0,33,46,45,0,8,3,0,2,0,0,0,0,0,0,0,0,0,1,0,0,0,0,1,
262,CarnageGameNpc,Rez,0,33,3,45,0,8,3,0,2,0,0,0,0,0,0,0,0,0,1,0,0,0,0,1,
263,PathArenaTutorNpc,Tutora,0,3301,35,11,0,8,3,0,2,0,0,0,0,0,0,0,0,0,1,0,0,0,0,1,
264,PathArenaTutorNpc,Tutor,0,3301,10,6,0,8,3,0,2,0,0,0,0,0,0,0,0,0,1,0,0,0,0,1,
265,RandomMerchantNpc,Random Merchant,2,4,1,1,0,38,0,0,2,0,0,0,0,0,0,0,0,0,0,0,0,0,1,1,
267,ElixirGameNpc,Elixir NPC,0,3014,15,21,0,8,3,0,2,0,0,0,0,0,0,0,0,0,0,0,0,0,1,1,
268,ElixirGameNpc,Elixir NPC,0,3036,15,21,0,8,3,0,2,0,0,0,0,0,0,0,0,0,0,0,0,0,1,1,
269,ElixirPrizeNpc,Elixir Prize NPC,0,4,1,2,0,8,3,0,2,0,0,0,0,0,0,0,0,0,0,0,0,0,0,1,
270,ElixirShopNpc,Elixir Judge,0,3035,15,3,0,8,3,0,2,0,0,0,0,0,0,0,0,0,0,0,0,0,0,1,
271,ElixirShopNpc,Elixir Official,0,3035,15,38,0,8,3,0,2,0,0,0,0,0,0,0,0,0,0,0,0,0,0,1,
272,ElixirShopNpc,Elixir Judge,0,3036,15,3,0,8,3,0,2,0,0,0,0,0,0,0,0,0,0,0,0,0,0,1,
273,ElixirShopNpc,Elixir Official,0,3036,15,38,0,8,3,0,2,0,0,0,0,0,0,0,0,0,0,0,0,0,0,1,
274,ElixirShopNpc,Elixir Judge,0,3037,15,3,0,8,3,0,2,0,0,0,0,0,0,0,0,0,0,0,0,0,0,1,
275,ElixirShopNpc,Elixir Official,0,3037,15,38,0,8,3,0,2,0,0,0,0,0,0,0,0,0,0,0,0,0,0,1,
276,ElixirShopNpc,Elixir Judge,0,3038,15,3,0,8,3,0,2,0,0,0,0,0,0,0,0,0,0,0,0,0,0,1,
277,ElixirShopNpc,Elixir Official,0,3038,15,38,0,8,3,0,2,0,0,0,0,0,0,0,0,0,0,0,0,0,0,1,
278,ElixirShopNpc,Elixir Judge,0,3039,15,3,0,8,3,0,2,0,0,0,0,0,0,0,0,0,0,0,0,0,0,1,
279,ElixirShopNpc,Elixir Official,0,3039,15,38,0,8,3,0,2,0,0,0,0,0,0,0,0,0,0,0,0,0,0,1,
280,ElixirShopNpc,Elixir Judge,0,3014,15,3,0,8,3,0,2,0,0,0,0,0,0,0,0,0,0,0,0,0,0,1,
281,ElixirShopNpc,Elixir Official,0,3014,15,38,0,8,3,0,2,0,0,0,0,0,0,0,0,0,0,0,0,0,0,1,
282,ElixirGameNpc,Elixir NPC,0,3035,15,21,0,8,3,0,2,0,0,0,0,0,0,0,0,0,0,0,0,0,1,1,
283,ElixirGameNpc,Elixir NPC,0,3037,15,21,0,8,3,0,2,0,0,0,0,0,0,0,0,0,0,0,0,0,1,1,
284,ElixirGameNpc,Elixir NPC,0,3038,15,21,0,8,3,0,2,0,0,0,0,0,0,0,0,0,0,0,0,0,1,1,
285,ElixirGameNpc,Elixir NPC,0,3039,15,21,0,8,3,0,2,0,0,0,0,0,0,0,0,0,0,0,0,0,1,1,
286,MiscGameShopNpc,Budol,0,346,2,4,0,86,0,0,2,0,0,0,0,0,0,0,0,0,1,0,0,0,0,1,
287,ElixirShopNpc,Elixir Assistant,0,3042,12,7,0,8,3,0,2,0,0,0,0,0,0,0,0,0,0,0,0,0,0,1,
288,GoodEarthAsvTrapNpc,Good earth ASV Trap,2,4,0,1,1000,0,0,0,2,0,0,0,0,0,0,0,0,0,0,0,0,0,0,1,
289,ValleyFarmGhostNpc,Majhum,0,5810,38,50,0,257,0,0,2,0,0,0,0,0,0,0,0,0,0,0,10,2000,0,1,
290,ValleyFarmGhostNpc,Majhum,0,5850,38,50,0,257,0,0,2,0,0,0,0,0,0,0,0,0,0,0,10,2000,0,1,
291,ValleyFarmGhostNpc,Majhum,0,5890,38,50,0,257,0,0,2,0,0,0,0,0,0,0,0,0,0,0,10,2000,0,1,
292,ValleyFarmGhostNpc,Majhum,0,5970,38,50,0,257,0,0,2,0,0,0,0,0,0,0,0,0,0,0,10,2000,0,1,
293,DobosNpc,Dobos,0,5835,9,6,0,39,6,0,2,0,0,0,0,0,0,0,0,0,0,0,0,0,0,1,
294,ShyunNpc,Shyun,0,5828,20,5,0,40,3,0,2,0,0,0,0,0,0,0,0,0,0,0,0,0,0,1,
295,JiongNpc,Jiong,0,5831,9,8,0,87,7,0,2,0,0,0,0,0,0,0,0,0,0,0,0,0,0,1,
296,ParkNpc,Park,0,5832,9,6,0,38,0,0,2,0,0,0,0,0,0,0,0,0,0,0,0,0,0,1,
297,DobosNpc,Dobos,0,5875,9,6,0,39,6,0,2,0,0,0,0,0,0,0,0,0,0,0,0,0,0,1,
298,ShyunNpc,Shyun,0,5868,20,5,0,40,3,0,2,0,0,0,0,0,0,0,0,0,0,0,0,0,0,1,
299,JiongNpc,Jiong,0,5871,9,8,0,87,7,0,2,0,0,0,0,0,0,0,0,0,0,0,0,0,0,1,
300,ParkNpc,Park,0,5872,9,6,0,38,0,0,2,0,0,0,0,0,0,0,0,0,0,0,0,0,0,1,
301,DobosNpc,Dobos,0,5915,9,6,0,39,6,0,2,0,0,0,0,0,0,0,0,0,0,0,0,0,0,1,
302,ShyunNpc,Shyun,0,5908,20,5,0,40,3,0,2,0,0,0,0,0,0,0,0,0,0,0,0,0,0,1,
303,JiongNpc,Jiong,0,5911,9,8,0,87,7,0,2,0,0,0,0,0,0,0,0,0,0,0,0,0,0,1,
304,ParkNpc,Park,0,5912,9,6,0,38,0,0,2,0,0,0,0,0,0,0,0,0,0,0,0,0,0,1,
305,DobosNpc,Dobos,0,5995,9,6,0,39,6,0,2,0,0,0,0,0,0,0,0,0,0,0,0,0,0,1,
306,ShyunNpc,Shyun,0,5988,20,5,0,40,3,0,2,0,0,0,0,0,0,0,0,0,0,0,0,0,0,1,
307,JiongNpc,Jiong,0,5991,9,8,0,87,7,0,2,0,0,0,0,0,0,0,0,0,0,0,0,0,0,1,
308,ParkNpc,Park,0,5992,9,6,0,38,0,0,2,0,0,0,0,0,0,0,0,0,0,0,0,0,0,1,
309,BladestormTrapNpc,Bladestorm trap,2,4,0,0,1000,0,0,0,2,0,0,0,0,0,0,0,0,0,0,0,0,0,0,1,
310,BenitnathNpc,Benitnath,0,5808,7,5,0,86,0,0,2,0,0,0,0,0,0,0,0,0,0,0,0,0,0,1,
311,BenitnathNpc,Benitnath,0,5848,7,5,0,86,0,0,2,0,0,0,0,0,0,0,0,0,0,0,0,0,0,1,
312,BenitnathNpc,Benitnath,0,5888,7,5,0,86,0,0,2,0,0,0,0,0,0,0,0,0,0,0,0,0,0,1,
313,BenitnathNpc,Benitnath,0,5968,7,5,0,86,0,0,2,0,0,0,0,0,0,0,0,0,0,0,0,0,0,1,
314,EnigmaNpc,Enigma,0,4,1,1,0,0,0,0,2,0,211,0,49,24,0,1,0,0,0,0,0,0,0,1,
315,CartographerNpc,Cartographer Min,0,4259,9,13,0,1756,0,0,2,0,0,0,0,0,0,0,0,0,0,0,0,0,0,1,
316,TreasurePortalNpc,Treasure portal,1,0,0,0,1000,0,0,0,2,0,0,0,0,0,0,0,0,0,0,0,0,0,0,1,
317,InstanceTestNpc,Map pylon,0,4259,15,12,1000,681,2,0,2,0,0,0,0,0,0,0,0,0,0,0,0,0,0,1,
319,FishNpc,Kwak,0,2500,46,55,0,8,7,0,2,0,0,0,0,0,0,0,0,0,0,0,0,0,0,1,
320,SaerounNpc,Saeroun,0,2500,48,89,0,87,13,0,2,0,0,0,0,0,0,0,0,0,0,0,0,0,0,1,
321,ClanNpc,Clan npc test,0,4,7,11,0,87,13,0,2,0,0,0,0,0,0,0,0,0,0,0,0,0,0,1,
322,KukSaNpc,Kuk-Sa,0,3609,11,16,10000,146,3,0,2,0,0,0,0,0,0,0,0,0,0,0,0,4000,0,1,
323,MnemosyneNpc,Mnemosyne,0,3629,14,21,0,3,0,0,2,0,0,0,0,0,0,0,0,0,0,0,0,0,0,1,
324,GhengisKhanNpc,Ghengis Khan,0,3512,16,22,10000,6,13,0,2,0,0,0,0,0,0,0,0,0,0,0,0,4000,0,1,
325,SpectyNpc,Specty,0,3619,4,10,0,25,0,0,2,0,0,0,0,0,0,0,0,0,0,0,0,0,0,1,
326,HareietteNpc,Hariette,0,3632,28,15,0,131,0,0,2,0,0,0,0,0,0,0,0,0,0,0,0,0,0,1,
327,MagistrateNpc,Magistrate,0,3614,18,17,0,39,0,0,2,0,0,0,0,0,0,0,0,0,0,0,0,0,0,1,
328,RoshanNpc,Roshan,0,3529,10,21,0,213,0,0,2,0,0,0,0,0,0,0,0,0,0,0,0,0,0,1,
329,ShengNpc,Sheng,0,3540,23,13,0,49,30,0,2,0,0,0,0,0,0,0,0,0,0,0,0,0,0,1,
330,MerchantNpc,Merchant Assistant,0,3524,20,19,0,52,0,0,2,0,0,0,0,0,0,0,0,0,0,0,0,0,0,1,
331,TalonNpc,Talon,0,3519,5,2,0,989,0,0,2,0,0,0,0,0,0,0,0,0,0,0,0,0,0,1,
332,BomberWarNpc,Bomber war,0,31,13,7,0,213,0,0,2,0,0,0,0,0,0,0,0,0,0,0,0,0,0,0,
333,ArenaExitTeleporterNpc,Bomber War Exit Chicken,0,15051,16,5,0,28,3,0,2,0,0,0,0,0,0,0,0,0,0,0,0,0,0,1,
334,ClanAdminNpc,Clan admin npc,0,4,7,13,0,87,13,0,2,0,0,0,0,0,0,0,0,0,0,0,0,0,0,1,
335,TownCrierNpc,Palace Concierge,0,2500,79,28,0,939,4,0,2,0,0,0,0,0,0,0,0,0,0,0,0,0,0,1,
336,HaussonMayorNpc,Lanwick,0,1024,9,3,0,87,7,0,2,0,0,0,0,0,0,0,0,0,0,0,0,0,0,1,
337,GanNpc,Quentor,0,1022,4,3,0,86,0,0,2,0,0,0,0,0,0,0,0,0,0,0,0,0,0,1,
338,SumoWarNpc,Sumo war,0,31,14,7,0,213,5,0,2,0,0,0,0,0,0,0,0,0,0,0,0,0,0,0,
339,DruidQuestFireNpc,Druid quest fire,2,4,0,0,2000,0,0,0,2,0,0,0,0,0,0,0,0,0,0,0,0,0,0,1,
340,RabbitInvasionNpc,Ming,0,44175,2,2,100,10,2,0,2,0,0,0,0,0,0,0,0,0,0,0,0,0,0,1,
341,ArenaExitTeleporterNpc,Sumo War Exit Chicken,0,15031,14,5,0,28,3,0,2,0,0,0,0,0,0,0,0,0,0,0,0,0,0,1,
342,JukeboxNpc,Jukebox,0,15031,2,6,0,778,0,0,2,0,0,0,0,0,0,0,0,0,0,0,0,0,0,1,
343,SonhiGuardNpc,Sonhi guard,0,6512,9,11,0,155,21,0,2,0,0,0,0,0,0,0,0,0,0,0,0,0,0,1,
344,GlothNpc,Gloth,0,6519,15,13,0,161,28,0,2,0,0,0,0,0,0,0,0,0,0,0,0,0,0,1,
345,LostLegendChestNpc,Chest,0,6519,7,38,0,154,9,0,2,0,0,0,0,0,0,0,0,0,0,0,0,0,0,1,
346,SonhiGuardNpc,Sonhi guard,0,6532,9,11,0,155,21,0,2,0,0,0,0,0,0,0,0,0,0,0,0,0,0,1,
347,GlothNpc,Gloth,0,6539,15,13,0,161,28,0,2,0,0,0,0,0,0,0,0,0,0,0,0,0,0,1,
348,LostLegendChestNpc,Chest,0,6539,7,38,0,154,9,0,2,0,0,0,0,0,0,0,0,0,0,0,0,0,0,1,
349,SonhiGuardNpc,Sonhi guard,0,6552,9,11,0,155,21,0,2,0,0,0,0,0,0,0,0,0,0,0,0,0,0,1,
350,GlothNpc,Gloth,0,6559,15,13,0,161,28,0,2,0,0,0,0,0,0,0,0,0,0,0,0,0,0,1,
351,LostLegendChestNpc,Chest,0,6559,7,38,0,154,9,0,2,0,0,0,0,0,0,0,0,0,0,0,0,0,0,1,
352,SonhiGuardNpc,Sonhi guard,0,6572,9,11,0,155,21,0,2,0,0,0,0,0,0,0,0,0,0,0,0,0,0,1,
353,GlothNpc,Gloth,0,6579,15,13,0,161,28,0,2,0,0,0,0,0,0,0,0,0,0,0,0,0,0,1,
354,LostLegendChestNpc,Chest,0,6579,7,38,0,154,9,0,2,0,0,0,0,0,0,0,0,0,0,0,0,0,0,1,
355,ArenaExitTeleporterNpc,Beach War Exit Chicken,0,15021,14,5,0,28,3,0,2,0,0,0,0,0,0,0,0,0,0,0,0,0,0,1,
356,JukeboxNpc,Jukebox,0,15021,2,6,0,778,0,0,2,0,0,0,0,0,0,0,0,0,0,0,0,0,0,1,
357,BeachWarNpc,Beach war,0,31,15,7,0,213,3,0,2,0,0,0,0,0,0,0,0,0,0,0,0,0,0,0,
358,JukeboxNpc,Jukebox,0,15051,2,6,0,778,0,0,2,0,0,0,0,0,0,0,0,0,0,0,0,0,0,1,
360,MarketManagerNpc,Market Manager,0,2534,39,68,0,52,0,0,2,0,0,0,0,0,0,0,0,0,0,0,0,0,0,1,
361,CarnageGameNpc,Sneaky 1,0,3017,1,1,0,8,3,0,2,0,0,0,0,0,0,0,0,0,1,0,0,0,0,1,
362,CarnageGameNpc,Sneaky 2,0,3017,1,1,0,8,3,0,2,0,0,0,0,0,0,0,0,0,1,0,0,0,0,1,
379,ChongunTaishiNpc,Taishi,0,3614,8,24,0,151,0,0,2,0,0,0,0,0,0,0,0,0,0,0,0,0,0,1,
388,BaekhoNpc,Baekho,0,1406,12,6,0,216,0,0,2,0,0,0,0,0,0,0,0,0,0,0,0,0,0,1,
389,ChungRyongNpc,Chung ryong,0,1401,15,5,0,218,0,0,2,0,0,0,0,0,0,0,0,0,0,0,0,0,0,1,
390,HyunMooNpc,Hyun Moo,0,1416,15,8,0,219,0,0,2,0,0,0,0,0,0,0,0,0,0,0,0,0,0,1,
391,JuJakNpc,Ju jak,0,1411,12,4,0,217,0,0,2,0,0,0,0,0,0,0,0,0,0,0,0,0,0,1,
392,ShamanNpc,Aura,0,1126,5,4,0,9,23,0,2,0,0,0,0,0,0,0,0,0,0,0,0,0,0,1,
393,WoodlandSmithNpc,Woodland Smith,0,4712,13,6,0,6,0,0,0,0,0,0,0,0,0,0,0,0,0,0,0,0,0,1,
394,WoodlandArmorerNpc,Woodland Armorer,0,4713,9,7,0,38,0,0,0,0,0,0,0,0,0,0,0,0,0,0,0,0,0,1,
395,LaptevNpc,Laptev,0,3817,8,5,0,38,0,0,2,0,0,0,0,0,0,0,0,0,1,0,0,0,0,1,
396,TaimyrNpc,Taimyr,0,3814,5,4,0,11,4,0,2,0,0,0,0,0,0,0,0,0,1,0,0,0,0,1,
397,ChapelNpc,Crystal,0,3815,9,9,0,3,0,0,2,0,0,0,0,0,0,0,0,0,1,0,0,0,0,1,
398,InnNpc,Cithra,0,3812,18,4,0,14,4,0,2,0,0,0,0,0,0,0,0,0,1,1,0,0,0,1,
